id;created_at;dataset_id;source;rank;name;symbol;price;currency;change_24h
10;2026-10-02T07:14:27Z;86d68379-1761-42f6-ba3c-a35ce9d53bf9;CoinGecko;10;Zcash;ZEC;1376.92;USD;-4.25
9;2026-10-02T07:14:27Z;86d68379-1761-42f6-ba3c-a35ce9d53bf9;CoinGecko;9;Figure Heloc;FIGR_HELOC;1.022;USD;-0.46
8;2026-10-02T07:14:27Z;86d68379-1761-42f6-ba3c-a35ce9d53bf9;CoinGecko;8;TRON;TRX;0.334131;USD;-0.97
7;2026-10-02T07:14:27Z;86d68379-1761-42f6-ba3c-a35ce9d53bf9;CoinGecko;7;Solana;SOL;121.51;USD;2.11
6;2026-10-02T07:14:27Z;86d68379-1761-42f6-ba3c-a35ce9d53bf9;CoinGecko;6;USDC;USDC;0.999852;USD;0.0
5;2026-10-02T07:14:27Z;86d68379-1761-42f6-ba3c-a35ce9d53bf9;CoinGecko;5;XRP;XRP;1.52;USD;1.39
4;2026-10-02T07:14:27Z;86d68379-1761-42f6-ba3c-a35ce9d53bf9;CoinGecko;4;BNB;BNB;776.9;USD;0.85
3;2026-10-02T07:14:27Z;86d68379-1761-42f6-ba3c-a35ce9d53bf9;CoinGecko;3;Tether;USDT;0.999676;USD;0.01
2;2026-10-02T07:14:27Z;86d68379-1761-42f6-ba3c-a35ce9d53bf9;CoinGecko;2;Ethereum;ETH;2728.99;USD;0.57
1;2026-10-02T07:14:27Z;86d68379-1761-42f6-ba3c-a35ce9d53bf9;CoinGecko;1;Bitcoin;BTC;85944;USD;2.27
